Name,Email,Company
John Doe,john123@yopmail.com,ABC Ltd
Sarah Khan,sarah456@yopmail.com,XYZ Pvt Ltd
Michael Smith,michael789@yopmail.com,Tech Corp
Emma Watson,emma101@yopmail.com,Digital Solutions
David Lee,david202@yopmail.com,SoftHub
Sophia Brown,sophia303@yopmail.com,NextGen
Daniel Wilson,daniel404@yopmail.com,Creative Studio
Olivia Taylor,olivia505@yopmail.com,Marketing Pro
James Anderson,james606@yopmail.com,CloudNet
Isabella Thomas,isabella707@yopmail.com,Vision Media
William Scott,william111@yopmail.com,Alpha Tech
Ava Johnson,ava222@yopmail.com,Bright Solutions
Noah Martin,noah333@yopmail.com,CodeSphere
Mia Clark,mia444@yopmail.com,Future Vision
Ethan Lewis,ethan555@yopmail.com,NetCore Ltd
Charlotte Walker,charlotte666@yopmail.com,BlueSky Media
Lucas Hall,lucas777@yopmail.com,Pixel Studio
Amelia Young,amelia888@yopmail.com,Prime Digital
Benjamin Allen,benjamin999@yopmail.com,Infinity Hub
Harper King,harper1010@yopmail.com,SmartWorks